-- MySQL dump 10.13  Distrib 5.7.22, for macos10.13 (x86_64)
--
-- Host: localhost    Database: curso_spring
-- ------------------------------------------------------
-- Server version	5.7.22

/*!40101 SET @OLD_CHARACTER_SET_CLIENT=@@CHARACTER_SET_CLIENT */;
/*!40101 SET @OLD_CHARACTER_SET_RESULTS=@@CHARACTER_SET_RESULTS */;
/*!40101 SET @OLD_COLLATION_CONNECTION=@@COLLATION_CONNECTION */;
/*!40101 SET NAMES utf8 */;
/*!40103 SET @OLD_TIME_ZONE=@@TIME_ZONE */;
/*!40103 SET TIME_ZONE='+00:00' */;
/*!40014 SET @OLD_UNIQUE_CHECKS=@@UNIQUE_CHECKS, UNIQUE_CHECKS=0 */;
/*!40014 SET @OLD_FOREIGN_KEY_CHECKS=@@FOREIGN_KEY_CHECKS, FOREIGN_KEY_CHECKS=0 */;
/*!40101 SET @OLD_SQL_MODE=@@SQL_MODE, SQL_MODE='NO_AUTO_VALUE_ON_ZERO' */;
/*!40111 SET @OLD_SQL_NOTES=@@SQL_NOTES, SQL_NOTES=0 */;

--
-- Table structure for table `categoria`
--

DROP TABLE IF EXISTS `categoria`;
/*!40101 SET @saved_cs_client     = @@character_set_client */;
/*!40101 SET character_set_client = utf8 */;
CREATE TABLE `categoria` (
  `id` int(11) NOT NULL AUTO_INCREMENT,
  `nome` varchar(255) DEFAULT NULL,
  PRIMARY KEY (`id`)
) ENGINE=MyISAM AUTO_INCREMENT=8 DEFAULT CHARSET=latin1;
/*!40101 SET character_set_client = @saved_cs_client */;

--
-- Dumping data for table `categoria`
--

LOCK TABLES `categoria` WRITE;
/*!40000 ALTER TABLE `categoria` DISABLE KEYS */;
INSERT INTO `categoria` VALUES (1,'Computador Pessoal'),(2,'Macintosh'),(3,'Smartphone'),(4,'Jardinagem'),(5,'AppleWatch'),(6,'Decoracao'),(7,'Florista');
/*!40000 ALTER TABLE `categoria` ENABLE KEYS */;
UNLOCK TABLES;

--
-- Table structure for table `cidade`
--

DROP TABLE IF EXISTS `cidade`;
/*!40101 SET @saved_cs_client     = @@character_set_client */;
/*!40101 SET character_set_client = utf8 */;
CREATE TABLE `cidade` (
  `id` int(11) NOT NULL AUTO_INCREMENT,
  `nome` varchar(255) DEFAULT NULL,
  `estado_id` int(11) DEFAULT NULL,
  PRIMARY KEY (`id`),
  KEY `FKkworrwk40xj58kevvh3evi500` (`estado_id`)
) ENGINE=MyISAM AUTO_INCREMENT=4 DEFAULT CHARSET=latin1;
/*!40101 SET character_set_client = @saved_cs_client */;

--
-- Dumping data for table `cidade`
--

LOCK TABLES `cidade` WRITE;
/*!40000 ALTER TABLE `cidade` DISABLE KEYS */;
INSERT INTO `cidade` VALUES (1,'Luanda',1),(2,'Maputo',2),(3,'Cabo Delgado ',2);
/*!40000 ALTER TABLE `cidade` ENABLE KEYS */;
UNLOCK TABLES;

--
-- Table structure for table `cliente`
--

DROP TABLE IF EXISTS `cliente`;
/*!40101 SET @saved_cs_client     = @@character_set_client */;
/*!40101 SET character_set_client = utf8 */;
CREATE TABLE `cliente` (
  `id` int(11) NOT NULL AUTO_INCREMENT,
  `codigo_postal` varchar(255) DEFAULT NULL,
  `email` varchar(255) DEFAULT NULL,
  `nome` varchar(255) DEFAULT NULL,
  `tipo_cliente` int(11) DEFAULT NULL,
  PRIMARY KEY (`id`)
) ENGINE=MyISAM AUTO_INCREMENT=2 DEFAULT CHARSET=latin1;
/*!40101 SET character_set_client = @saved_cs_client */;

--
-- Dumping data for table `cliente`
--

LOCK TABLES `cliente` WRITE;
/*!40000 ALTER TABLE `cliente` DISABLE KEYS */;
INSERT INTO `cliente` VALUES (1,'84337834834','nacir@gmail.com','Nacir',1);
/*!40000 ALTER TABLE `cliente` ENABLE KEYS */;
UNLOCK TABLES;

--
-- Table structure for table `endereco`
--

DROP TABLE IF EXISTS `endereco`;
/*!40101 SET @saved_cs_client     = @@character_set_client */;
/*!40101 SET character_set_client = utf8 */;
CREATE TABLE `endereco` (
  `id` int(11) NOT NULL AUTO_INCREMENT,
  `bairro` varchar(255) DEFAULT NULL,
  `cep` varchar(255) DEFAULT NULL,
  `complemento` varchar(255) DEFAULT NULL,
  `logradouro` varchar(255) DEFAULT NULL,
  `numero` varchar(255) DEFAULT NULL,
  `cidade_id` int(11) DEFAULT NULL,
  `cliente_id` int(11) DEFAULT NULL,
  PRIMARY KEY (`id`),
  KEY `FK8b1kcb3wucapb8dejshyn5fsx` (`cidade_id`),
  KEY `FK8s7ivtl4foyhrfam9xqom73n9` (`cliente_id`)
) ENGINE=MyISAM AUTO_INCREMENT=3 DEFAULT CHARSET=latin1;
/*!40101 SET character_set_client = @saved_cs_client */;

--
-- Dumping data for table `endereco`
--

LOCK TABLES `endereco` WRITE;
/*!40000 ALTER TABLE `endereco` DISABLE KEYS */;
INSERT INTO `endereco` VALUES (1,'Bairro das gordas','4753485734','Apto 30','Expansao-1','540',3,1),(2,'Bairro das gordas','4753485734','Apto 30','Av. 24 Julho','540',2,1);
/*!40000 ALTER TABLE `endereco` ENABLE KEYS */;
UNLOCK TABLES;

--
-- Table structure for table `estado`
--

DROP TABLE IF EXISTS `estado`;
/*!40101 SET @saved_cs_client     = @@character_set_client */;
/*!40101 SET character_set_client = utf8 */;
CREATE TABLE `estado` (
  `id` int(11) NOT NULL AUTO_INCREMENT,
  `nome` varchar(255) DEFAULT NULL,
  PRIMARY KEY (`id`)
) ENGINE=MyISAM AUTO_INCREMENT=3 DEFAULT CHARSET=latin1;
/*!40101 SET character_set_client = @saved_cs_client */;

--
-- Dumping data for table `estado`
--

LOCK TABLES `estado` WRITE;
/*!40000 ALTER TABLE `estado` DISABLE KEYS */;
INSERT INTO `estado` VALUES (1,'Angola'),(2,'Moçambique');
/*!40000 ALTER TABLE `estado` ENABLE KEYS */;
UNLOCK TABLES;

--
-- Table structure for table `item_pedido`
--

DROP TABLE IF EXISTS `item_pedido`;
/*!40101 SET @saved_cs_client     = @@character_set_client */;
/*!40101 SET character_set_client = utf8 */;
CREATE TABLE `item_pedido` (
  `desconto` double DEFAULT NULL,
  `preco` double DEFAULT NULL,
  `quantidade` int(11) DEFAULT NULL,
  `pedido_id` int(11) NOT NULL,
  `produto_id` int(11) NOT NULL,
  PRIMARY KEY (`pedido_id`,`produto_id`),
  KEY `FKtk55mn6d6bvl5h0no5uagi3sf` (`produto_id`)
) ENGINE=MyISAM DEFAULT CHARSET=latin1;
/*!40101 SET character_set_client = @saved_cs_client */;

--
-- Dumping data for table `item_pedido`
--

LOCK TABLES `item_pedido` WRITE;
/*!40000 ALTER TABLE `item_pedido` DISABLE KEYS */;
INSERT INTO `item_pedido` VALUES (0,2000,1,1,1),(0,200,2,1,3),(100,800,1,2,2);
/*!40000 ALTER TABLE `item_pedido` ENABLE KEYS */;
UNLOCK TABLES;

--
-- Table structure for table `pagamento`
--

DROP TABLE IF EXISTS `pagamento`;
/*!40101 SET @saved_cs_client     = @@character_set_client */;
/*!40101 SET character_set_client = utf8 */;
CREATE TABLE `pagamento` (
  `pedido_id` int(11) NOT NULL,
  `estado` int(11) DEFAULT NULL,
  PRIMARY KEY (`pedido_id`)
) ENGINE=MyISAM DEFAULT CHARSET=latin1;
/*!40101 SET character_set_client = @saved_cs_client */;

--
-- Dumping data for table `pagamento`
--

LOCK TABLES `pagamento` WRITE;
/*!40000 ALTER TABLE `pagamento` DISABLE KEYS */;
INSERT INTO `pagamento` VALUES (1,2),(2,1);
/*!40000 ALTER TABLE `pagamento` ENABLE KEYS */;
UNLOCK TABLES;

--
-- Table structure for table `pagamento_boleto`
--

DROP TABLE IF EXISTS `pagamento_boleto`;
/*!40101 SET @saved_cs_client     = @@character_set_client */;
/*!40101 SET character_set_client = utf8 */;
CREATE TABLE `pagamento_boleto` (
  `data_pagamento` datetime DEFAULT NULL,
  `data_vencimento` datetime DEFAULT NULL,
  `pedido_id` int(11) NOT NULL,
  PRIMARY KEY (`pedido_id`)
) ENGINE=MyISAM DEFAULT CHARSET=latin1;
/*!40101 SET character_set_client = @saved_cs_client */;

--
-- Dumping data for table `pagamento_boleto`
--

LOCK TABLES `pagamento_boleto` WRITE;
/*!40000 ALTER TABLE `pagamento_boleto` DISABLE KEYS */;
INSERT INTO `pagamento_boleto` VALUES (NULL,'2018-08-20 00:00:00',2);
/*!40000 ALTER TABLE `pagamento_boleto` ENABLE KEYS */;
UNLOCK TABLES;

--
-- Table structure for table `pagamento_cartao`
--

DROP TABLE IF EXISTS `pagamento_cartao`;
/*!40101 SET @saved_cs_client     = @@character_set_client */;
/*!40101 SET character_set_client = utf8 */;
CREATE TABLE `pagamento_cartao` (
  `numero_parcelas` int(11) DEFAULT NULL,
  `pedido_id` int(11) NOT NULL,
  PRIMARY KEY (`pedido_id`)
) ENGINE=MyISAM DEFAULT CHARSET=latin1;
/*!40101 SET character_set_client = @saved_cs_client */;

--
-- Dumping data for table `pagamento_cartao`
--

LOCK TABLES `pagamento_cartao` WRITE;
/*!40000 ALTER TABLE `pagamento_cartao` DISABLE KEYS */;
INSERT INTO `pagamento_cartao` VALUES (6,1);
/*!40000 ALTER TABLE `pagamento_cartao` ENABLE KEYS */;
UNLOCK TABLES;

--
-- Table structure for table `pedido`
--

DROP TABLE IF EXISTS `pedido`;
/*!40101 SET @saved_cs_client     = @@character_set_client */;
/*!40101 SET character_set_client = utf8 */;
CREATE TABLE `pedido` (
  `id` int(11) NOT NULL AUTO_INCREMENT,
  `instante` datetime DEFAULT NULL,
  `cliente_id` int(11) DEFAULT NULL,
  `endereco_entrega_id` int(11) DEFAULT NULL,
  PRIMARY KEY (`id`),
  KEY `FK30s8j2ktpay6of18lbyqn3632` (`cliente_id`),
  KEY `FKcrxxe5rpllxbh0sfi4a6rwphb` (`endereco_entrega_id`)
) ENGINE=MyISAM AUTO_INCREMENT=3 DEFAULT CHARSET=latin1;
/*!40101 SET character_set_client = @saved_cs_client */;

--
-- Dumping data for table `pedido`
--

LOCK TABLES `pedido` WRITE;
/*!40000 ALTER TABLE `pedido` DISABLE KEYS */;
INSERT INTO `pedido` VALUES (1,'2018-08-27 02:20:00',1,1),(2,'2018-08-20 14:00:00',1,2);
/*!40000 ALTER TABLE `pedido` ENABLE KEYS */;
UNLOCK TABLES;

--
-- Table structure for table `produto`
--

DROP TABLE IF EXISTS `produto`;
/*!40101 SET @saved_cs_client     = @@character_set_client */;
/*!40101 SET character_set_client = utf8 */;
CREATE TABLE `produto` (
  `id` int(11) NOT NULL AUTO_INCREMENT,
  `nome` varchar(255) DEFAULT NULL,
  `preco` double DEFAULT NULL,
  PRIMARY KEY (`id`)
) ENGINE=MyISAM AUTO_INCREMENT=4 DEFAULT CHARSET=latin1;
/*!40101 SET character_set_client = @saved_cs_client */;

--
-- Dumping data for table `produto`
--

LOCK TABLES `produto` WRITE;
/*!40000 ALTER TABLE `produto` DISABLE KEYS */;
INSERT INTO `produto` VALUES (1,'MacBook 2015',100000),(2,'Padtouch',1000),(3,'KeyBoard',11000);
/*!40000 ALTER TABLE `produto` ENABLE KEYS */;
UNLOCK TABLES;

--
-- Table structure for table `produto_categoria`
--

DROP TABLE IF EXISTS `produto_categoria`;
/*!40101 SET @saved_cs_client     = @@character_set_client */;
/*!40101 SET character_set_client = utf8 */;
CREATE TABLE `produto_categoria` (
  `produto_id` int(11) NOT NULL,
  `categoria_id` int(11) NOT NULL,
  KEY `FKq3g33tp7xk2juh53fbw6y4y57` (`categoria_id`),
  KEY `FK1c0y58d3n6x3m6euv2j3h64vt` (`produto_id`)
) ENGINE=MyISAM DEFAULT CHARSET=latin1;
/*!40101 SET character_set_client = @saved_cs_client */;

--
-- Dumping data for table `produto_categoria`
--

LOCK TABLES `produto_categoria` WRITE;
/*!40000 ALTER TABLE `produto_categoria` DISABLE KEYS */;
INSERT INTO `produto_categoria` VALUES (1,1),(2,1),(2,2),(3,1);
/*!40000 ALTER TABLE `produto_categoria` ENABLE KEYS */;
UNLOCK TABLES;

--
-- Table structure for table `telefone`
--

DROP TABLE IF EXISTS `telefone`;
/*!40101 SET @saved_cs_client     = @@character_set_client */;
/*!40101 SET character_set_client = utf8 */;
CREATE TABLE `telefone` (
  `cliente_id` int(11) NOT NULL,
  `telefones` varchar(255) DEFAULT NULL,
  KEY `FK8aafha0njkoyoe3kvrwsy3g8u` (`cliente_id`)
) ENGINE=MyISAM DEFAULT CHARSET=latin1;
/*!40101 SET character_set_client = @saved_cs_client */;

--
-- Dumping data for table `telefone`
--

LOCK TABLES `telefone` WRITE;
/*!40000 ALTER TABLE `telefone` DISABLE KEYS */;
INSERT INTO `telefone` VALUES (1,'847993530'),(1,'827993530');
/*!40000 ALTER TABLE `telefone` ENABLE KEYS */;
UNLOCK TABLES;
/*!40103 SET TIME_ZONE=@OLD_TIME_ZONE */;

/*!40101 SET SQL_MODE=@OLD_SQL_MODE */;
/*!40014 SET FOREIGN_KEY_CHECKS=@OLD_FOREIGN_KEY_CHECKS */;
/*!40014 SET UNIQUE_CHECKS=@OLD_UNIQUE_CHECKS */;
/*!40101 SET CHARACTER_SET_CLIENT=@OLD_CHARACTER_SET_CLIENT */;
/*!40101 SET CHARACTER_SET_RESULTS=@OLD_CHARACTER_SET_RESULTS */;
/*!40101 SET COLLATION_CONNECTION=@OLD_COLLATION_CONNECTION */;
/*!40111 SET SQL_NOTES=@OLD_SQL_NOTES */;

-- Dump completed on 2018-09-16 15:04:07
